{
  "common": {
    "outputName": "android",
    "mainBundleCompressionType": "merge_dep",
    "platform": "android",
    "startScene": "15bddfa3-df8e-422e-80ec-22e4ba1cb023",
    "scenes": [
      {
        "url": "db://assets/scene/testcase/ui.scene",
        "uuid": "15bddfa3-df8e-422e-80ec-22e4ba1cb023",
        "inBundle": false
      }
    ]
  },
  "options": {
    "android": {
      "packageName": "com.cocos.archery",
      "orientation": {
        "portrait": false,
        "upsideDown": false,
        "landscapeRight": true,
        "landscapeLeft": true
      },
      "apiLevel": 26,
      "appABIs": [
        "arm64-v8a"
      ],
      "useDebugKeystore": true,
      "keystorePath": "",
      "keystorePassword": "",
      "keystoreAlias": "",
      "keystoreAliasPassword": "",
      "appBundle": false,
      "androidInstant": false,
      "remoteUrl": "",
      "sdkPath": "",
      "ndkPath": "",
      "renderBackEnd": {
        "vulkan": true,
        "gles3": false,
        "gles2": false
      },
      "swappy": true,
      "__version__": "1.0.1"
    }
  },
  "__version__": "1.0.1"
}
