{
  "__version__": "1.3.3",
  "log": {
    "level": 4
  },
  "common": {
    "outputName": "web-mobile",
    "mainBundleCompressionType": "merge_dep",
    "platform": "web-mobile",
    "debug": true,
    "name": "Archery",
    "startScene": "c9110110-7a9a-4041-85b1-57c2c07d3373",
    "scenes": [
      {
        "url": "db://assets/scene/startup.scene",
        "uuid": "c9110110-7a9a-4041-85b1-57c2c07d3373",
        "inBundle": false
      },
      {
        "url": "db://assets/scene/game.scene",
        "uuid": "3a7f4f6a-7e1d-4934-ac2d-d7a371454ee1"
      }
    ],
    "polyfills": {
      "asyncFunctions": true
    },
    "mainBundleIsRemote": false,
    "skipCompressTexture": false
  },
  "BuildTaskManager": {
    "taskMap": {
      "1665643573735": {
        "type": "build",
        "id": "1665643573735",
        "progress": 1,
        "state": "success",
        "stage": "build",
        "message": "2022-10-13 14:48 Build success in 118376 ms!",
        "options": {
          "name": "ShooterGame",
          "platform": "web-desktop",
          "buildPath": "project://build",
          "debug": false,
          "md5Cache": false,
          "skipCompressTexture": false,
          "sourceMaps": false,
          "polyfills": {
            "asyncFunctions": true
          },
          "experimentalEraseModules": false,
          "useBuiltinServer": false,
          "mainBundleIsRemote": false,
          "mainBundleCompressionType": "merge_dep",
          "replaceSplashScreen": false,
          "compressTexture": true,
          "packAutoAtlas": true,
          "startScene": "3a7f4f6a-7e1d-4934-ac2d-d7a371454ee1",
          "outputName": "web-desktop",
          "scenes": [
            {
              "url": "db://assets/scene/game.scene",
              "uuid": "3a7f4f6a-7e1d-4934-ac2d-d7a371454ee1",
              "inBundle": false
            },
            {
              "url": "db://assets/scene/startup.scene",
              "uuid": "c9110110-7a9a-4041-85b1-57c2c07d3373",
              "inBundle": false
            }
          ],
          "web-mobile": [],
          "packages": {
            "web-desktop": {
              "resolution": {
                "designWidth": 1280,
                "designHeight": 960
              },
              "__version__": "1.0.1"
            },
            "cocos-service": {
              "configID": "1d91a8",
              "services": [],
              "__version__": "3.0.4"
            }
          },
          "__version__": "1.3.3",
          "web-desktop": []
        },
        "time": "2022-10-13 14:46",
        "dirty": true,
        "rawOptions": {
          "name": "ShooterGame",
          "platform": "web-desktop",
          "buildPath": "project://build",
          "debug": false,
          "md5Cache": false,
          "skipCompressTexture": false,
          "sourceMaps": false,
          "polyfills": {
            "asyncFunctions": true
          },
          "experimentalEraseModules": false,
          "useBuiltinServer": false,
          "mainBundleIsRemote": false,
          "mainBundleCompressionType": "merge_dep",
          "replaceSplashScreen": false,
          "compressTexture": true,
          "packAutoAtlas": true,
          "startScene": "3a7f4f6a-7e1d-4934-ac2d-d7a371454ee1",
          "outputName": "web-desktop",
          "scenes": [
            {
              "url": "db://assets/scene/game.scene",
              "uuid": "3a7f4f6a-7e1d-4934-ac2d-d7a371454ee1",
              "inBundle": false
            },
            {
              "url": "db://assets/scene/startup.scene",
              "uuid": "c9110110-7a9a-4041-85b1-57c2c07d3373",
              "inBundle": false
            }
          ],
          "web-mobile": [],
          "packages": {
            "web-desktop": {
              "resolution": {
                "designWidth": 1280,
                "designHeight": 960
              },
              "__version__": "1.0.1"
            },
            "cocos-service": {
              "configID": "1d91a8",
              "services": [],
              "__version__": "3.0.4"
            }
          },
          "__version__": "1.3.3",
          "web-desktop": []
        }
      },
      "1665647277568": {
        "type": "build",
        "id": "1665647277568",
        "progress": 1,
        "state": "success",
        "stage": "build",
        "message": "2022-10-13 15:48 Build success in 10744 ms!",
        "options": {
          "name": "ShooterGame",
          "platform": "web-mobile",
          "buildPath": "project://build",
          "debug": false,
          "md5Cache": false,
          "skipCompressTexture": false,
          "sourceMaps": false,
          "polyfills": {
            "asyncFunctions": true
          },
          "experimentalEraseModules": false,
          "useBuiltinServer": false,
          "mainBundleIsRemote": false,
          "mainBundleCompressionType": "merge_dep",
          "replaceSplashScreen": false,
          "compressTexture": true,
          "packAutoAtlas": true,
          "startScene": "c9110110-7a9a-4041-85b1-57c2c07d3373",
          "outputName": "web-mobile",
          "scenes": [
            {
              "url": "db://assets/scene/startup.scene",
              "uuid": "c9110110-7a9a-4041-85b1-57c2c07d3373",
              "inBundle": false
            },
            {
              "url": "db://assets/scene/game.scene",
              "uuid": "3a7f4f6a-7e1d-4934-ac2d-d7a371454ee1"
            }
          ],
          "web-desktop": [],
          "packages": {
            "web-mobile": {
              "orientation": "auto",
              "__version__": "1.0.1"
            },
            "cocos-service": {
              "configID": "1d91a8",
              "services": [],
              "__version__": "3.0.4"
            }
          },
          "web-mobile": [],
          "__version__": "1.3.3"
        },
        "time": "2022-10-13 15:47",
        "dirty": false
      }
    }
  }
}
