{
  "__version__": "3.0.4",
  "options": {
    "web-desktop": {
      "configID": "1d91a8",
      "services": [],
      "__version__": "3.0.4"
    },
    "windows": {
      "configID": "1d91a8",
      "services": [],
      "__version__": "3.0.3"
    },
    "cocos-play": {
      "configID": "1d91a8",
      "services": [
        {
          "service_id": "235",
          "service_component_name": "service-analytics",
          "builder": "C:\\Users\\wanghaibo\\.CocosCreator\\.service\\analytics\\builder\\builder.js",
          "enable": false,
          "params": {}
        }
      ]
    },
    "web-mobile": {
      "configID": "1d91a8",
      "services": [],
      "__version__": "3.0.4"
    },
    "huawei-agc": {
      "configID": "1d91a8",
      "services": []
    },
    "ohos": {
      "configID": "1d91a8",
      "services": []
    },
    "huawei-quick-game": {
      "configID": "1d91a8",
      "services": []
    },
    "android": {
      "configID": "1d91a8",
      "services": []
    }
  },
  "builder-options": {
    "configID": "1d91a8",
    "services": [],
    "__version__": "3.0.4"
  }
}
