{
  "__version__": "1.0.0",
  "gizmos-infos": {
    "is2D": true,
    "is3DIcon": false,
    "iconSize": 2,
    "gridVisible": true,
    "gridColor": [
      85,
      89,
      89,
      255
    ],
    "isIconGizmo3D": false,
    "iconGizmoSize": 2,
    "isGridVisible": true
  },
  "camera": {
    "fov": 45,
    "far": 10000,
    "near": 0.01,
    "color": [
      48,
      48,
      48,
      255
    ],
    "wheelSpeed": 0.01,
    "wanderSpeed": 10,
    "enableAcceleration": true,
    "far2D": 10000,
    "near2D": 1,
    "wheelSpeed2D": 6
  },
  "camera-infos": {
    "f46876e4-e81b-4931-b493-6d367be385e7": {
      "position": {
        "x": 640,
        "y": 360.00000000000006,
        "z": 5000
      },
      "rotation": {
        "x": 0,
        "y": 0,
        "z": 0,
        "w": 1
      },
      "viewCenter": {
        "x": 0,
        "y": 0,
        "z": 0
      }
    },
    "f3d934be-56d3-4e96-b835-5bb8d9098ba2": {
      "position": {
        "x": 943.8970327475872,
        "y": 565.9094555460526,
        "z": 5000
      },
      "rotation": {
        "x": 0,
        "y": 0,
        "z": 0,
        "w": 1
      },
      "viewCenter": {
        "x": 0,
        "y": 0,
        "z": 0
      }
    },
    "0069646a-d886-4bfd-93c9-7558e1ee2734": {
      "position": {
        "x": 50,
        "y": 50,
        "z": 50
      },
      "rotation": {
        "x": -0.27984814233312133,
        "y": 0.3647051996310009,
        "z": 0.11591689595929514,
        "w": 0.8804762392171493
      },
      "viewCenter": {
        "x": 0,
        "y": 0,
        "z": 0
      }
    },
    "8d368dc7-25f5-474f-87a7-792cfae3696b": {
      "position": {
        "x": 640,
        "y": 360.00000000000006,
        "z": 5000
      },
      "rotation": {
        "x": 0,
        "y": 0,
        "z": 0,
        "w": 1
      },
      "viewCenter": {
        "x": 0,
        "y": 0,
        "z": 0
      }
    },
    "65118101-ef65-4a10-9076-d4401e985844": {
      "position": {
        "x": -0.33135095199123493,
        "y": 0.8871625312538531,
        "z": -14.13744237034242
      },
      "rotation": {
        "x": -0.000158685819904603,
        "y": 0.990098254740901,
        "z": 0.14037153556861365,
        "w": 0.0011192764526183163
      },
      "viewCenter": {
        "x": -0.3396580191342068,
        "y": -0.1760211782340555,
        "z": -10.463282090765514
      }
    },
    "38375b94-3ca2-4bf7-b913-5c9ffff98f62": {
      "position": {
        "x": -0.04241148056077093,
        "y": 1.3886670717653988,
        "z": 3.140230986938654
      },
      "rotation": {
        "x": 0.1686383852877891,
        "y": 0.026746260163021902,
        "z": 0.0045777184068797085,
        "w": -0.9853044083271965
      },
      "viewCenter": {
        "x": 0.1357382941903711,
        "y": 0.23066155155558543,
        "z": -0.13877727283411012
      }
    },
    "3156dfee-7f27-4801-b410-cdfff562cdbe": {
      "position": {
        "x": 4.5939510685115685,
        "y": 4.476278864141895,
        "z": 4.283385427732942
      },
      "rotation": {
        "x": -0.27939243514829704,
        "y": 0.37981996931171447,
        "z": 0.12149379549396719,
        "w": 0.8734505800275268
      },
      "viewCenter": {
        "x": 0,
        "y": 0,
        "z": 0
      }
    },
    "473c937e-607c-4c10-b82e-10c162c5408e": {
      "position": {
        "x": 817.298153787394,
        "y": 365.95474894924473,
        "z": 5000
      },
      "rotation": {
        "x": 0,
        "y": 0,
        "z": 0,
        "w": 1
      },
      "viewCenter": {
        "x": 0,
        "y": 0,
        "z": 0
      }
    },
    "15bddfa3-df8e-422e-80ec-22e4ba1cb023": {
      "position": {
        "x": 449.0849496074244,
        "y": 324.3839090627355,
        "z": 5000
      },
      "rotation": {
        "x": 0,
        "y": 0,
        "z": 0,
        "w": 1
      },
      "viewCenter": {
        "x": 0,
        "y": 0,
        "z": 0
      }
    },
    "e3cad509-889f-40b9-ae73-eb9904a70ade": {
      "position": {
        "x": 817.298153787394,
        "y": 365.95474894924473,
        "z": 5000
      },
      "rotation": {
        "x": 0,
        "y": 0,
        "z": 0,
        "w": 1
      },
      "viewCenter": {
        "x": 0,
        "y": 0,
        "z": 0
      }
    },
    "3508c6bb-fd43-4cf8-9f9f-6d44bff99b52": {
      "position": {
        "x": 1.4577179779694998,
        "y": 5.238648601153622,
        "z": 3.470601164470247
      },
      "rotation": {
        "x": -0.44733438159083333,
        "y": 0.17575127606083213,
        "z": 0.09013069303867997,
        "w": 0.8722842989427835
      },
      "viewCenter": {
        "x": -4.440892098500626e-16,
        "y": 0,
        "z": -8.881784197001252e-16
      }
    },
    "e2a35c50-435d-4370-bc5b-da9657cf960c": {
      "position": {
        "x": 50,
        "y": 50,
        "z": 50
      },
      "rotation": {
        "x": 0,
        "y": 0,
        "z": 0,
        "w": 1
      },
      "viewCenter": {
        "x": 0,
        "y": 0,
        "z": 0
      }
    },
    "b1ac6b54-18c2-40ed-aa81-4214b51884af": {
      "position": {
        "x": 0.003960348117388435,
        "y": 2.684855837768893,
        "z": 2.944463526296694
      },
      "rotation": {
        "x": -0.36129521426838657,
        "y": 0.000627080249371,
        "z": 0.00024297366256091768,
        "w": 0.9324512404844131
      },
      "viewCenter": {
        "x": 0,
        "y": 0,
        "z": 0
      }
    },
    "e9c67f28-f288-4f28-8f4f-68fa02b18988": {
      "position": {
        "x": 702.9785292604794,
        "y": 395.27627668626525,
        "z": 5000
      },
      "rotation": {
        "x": 0,
        "y": 0,
        "z": 0,
        "w": 1
      },
      "viewCenter": {
        "x": 0,
        "y": 0,
        "z": 0
      }
    },
    "06mXJIwUpKEqC8SXHPbkS4": {
      "position": {
        "x": 50,
        "y": 50,
        "z": 50
      },
      "rotation": {
        "x": -0.27984814233312133,
        "y": 0.3647051996310009,
        "z": 0.11591689595929514,
        "w": 0.8804762392171493
      },
      "viewCenter": {
        "x": 0,
        "y": 0,
        "z": 0
      }
    },
    "a4v7b2OypHpZKnfw2Bdlkw": {
      "position": {
        "x": 0.05225373300180432,
        "y": 5.416721098954311,
        "z": 4.2612167511294565
      },
      "rotation": {
        "x": -0.447519140569843,
        "y": -0.0060700777391157704,
        "z": -0.003036826786619248,
        "w": 0.8942485955605954
      },
      "viewCenter": {
        "x": 0.10835116993824706,
        "y": -0.10065217423858464,
        "z": 0.12965352072199954
      }
    },
    "5c769cd6-9d60-4e5f-831b-8573de02ebef": {
      "position": {
        "x": 697.0566940087674,
        "y": 360.64523006026974,
        "z": 5000
      },
      "rotation": {
        "x": 0,
        "y": 0,
        "z": 0,
        "w": 1
      },
      "viewCenter": {
        "x": 0,
        "y": 0,
        "z": 0
      }
    },
    "6b5c8d3b-54f4-4222-967b-d91b9c979a85": {
      "position": {
        "x": 640,
        "y": 363.7961335676626,
        "z": 5000
      },
      "rotation": {
        "x": 0,
        "y": 0,
        "z": 0,
        "w": 1
      },
      "viewCenter": {
        "x": 0,
        "y": 0,
        "z": 0
      }
    },
    "0cqfkPlvVLSo7Q9Lf/X47F": {
      "position": {
        "x": 50.00000000000001,
        "y": 50,
        "z": 50
      },
      "rotation": {
        "x": -0.27984814233312133,
        "y": 0.3647051996310009,
        "z": 0.11591689595929514,
        "w": 0.8804762392171493
      },
      "viewCenter": {
        "x": 0,
        "y": 0,
        "z": 0
      }
    },
    "3a7f4f6a-7e1d-4934-ac2d-d7a371454ee1": {
      "position": {
        "x": 555.7640338711748,
        "y": 406.09069710045765,
        "z": 5000
      },
      "rotation": {
        "x": 0,
        "y": 0,
        "z": 0,
        "w": 1
      },
      "viewCenter": {
        "x": 0,
        "y": 0,
        "z": 0
      }
    },
    "c9110110-7a9a-4041-85b1-57c2c07d3373": {
      "position": {
        "x": 639.6742081447962,
        "y": 359.67420814479635,
        "z": 5000
      },
      "rotation": {
        "x": 0,
        "y": 0,
        "z": 0,
        "w": 1
      },
      "viewCenter": {
        "x": 0,
        "y": 0,
        "z": 0
      }
    },
    "e9DCFPUdFG2oaqwlBmutmI": {
      "position": {
        "x": 639.5113122171945,
        "y": 359.67420814479635,
        "z": 5000
      },
      "rotation": {
        "x": 0,
        "y": 0,
        "z": 0,
        "w": 1
      },
      "viewCenter": {
        "x": 0,
        "y": 0,
        "z": 0
      }
    },
    "13iX9zguFMHLkrboS/Oeo/": {
      "position": {
        "x": 639.4586466165413,
        "y": 360.5413533834586,
        "z": 5000
      },
      "rotation": {
        "x": 0,
        "y": 0,
        "z": 0,
        "w": 1
      },
      "viewCenter": {
        "x": 0,
        "y": 0,
        "z": 0
      }
    },
    "eejJf/rN1NDZo4qArO4HOH": {
      "position": {
        "x": 1.4285802727308008,
        "y": 1.4285802727308008,
        "z": 1.4285802727308012
      },
      "rotation": {
        "x": -0.27984814233312133,
        "y": 0.3647051996310009,
        "z": 0.11591689595929514,
        "w": 0.8804762392171493
      },
      "viewCenter": {
        "x": 0,
        "y": 0,
        "z": 0
      }
    },
    "2725ce98-d8ea-460d-821e-dd9e49ac942d": {
      "position": {
        "x": 572.0416547127913,
        "y": 326.8044072397051,
        "z": 5000
      },
      "rotation": {
        "x": 0,
        "y": 0,
        "z": 0,
        "w": 1
      },
      "viewCenter": {
        "x": 0,
        "y": 0,
        "z": 0
      }
    },
    "65c6faf9-2b21-4d1a-9f33-c28c853feccc": {
      "position": {
        "x": 639.6855895196506,
        "y": 387.98253275109164,
        "z": 5000
      },
      "rotation": {
        "x": 0,
        "y": 0,
        "z": 0,
        "w": 1
      },
      "viewCenter": {
        "x": 0,
        "y": 0,
        "z": 0
      }
    }
  },
  "camera-uuids": [
    "8d368dc7-25f5-474f-87a7-792cfae3696b"
  ],
  "float-window": {
    "position": {
      "cc": {
        "Camera": {
          "dock": false,
          "top": null,
          "bottom": 10,
          "left": null,
          "right": 10
        },
        "ParticleSystem": {
          "dock": false,
          "top": null,
          "bottom": 10,
          "left": null,
          "right": 10
        },
        "Terrain": {
          "dock": false,
          "top": null,
          "bottom": 10,
          "left": null,
          "right": 10
        }
      }
    }
  },
  "game-view": {
    "scaleValue": 79,
    "sliderValue": 38,
    "devicesInfo": {
      "name": "i18n:scene.game_view.design_resolution",
      "type": "design",
      "width": 1280,
      "height": 720
    },
    "rotate": false,
    "stats": true,
    "fullScreen": true
  },
  "02bMD9SJNI0LBtWTC/KjOX": {
    "layer": 0,
    "sculpt_brush": "",
    "paint_brush": "",
    "sculpt": {
      "radius": 5,
      "strength": 5,
      "_setHeight": 0
    },
    "paint": {
      "radius": 5,
      "strength": 5
    }
  },
  "76raFNFwpAy73Jluk7Rrt8": {
    "sculpt": {
      "radius": 5,
      "strength": 5,
      "_setHeight": 0
    },
    "paint": {
      "radius": 5,
      "strength": 5
    }
  },
  "76ofjYRh9K6IL9r+FvE91V": {
    "sculpt": {
      "radius": 5,
      "strength": 5,
      "_setHeight": 0
    },
    "paint": {
      "radius": 5,
      "strength": 5
    }
  },
  "5bqzAsJH1JHpeJFvIr6cld": {
    "layer": 0,
    "sculpt_brush": "",
    "paint_brush": "",
    "sculpt": {
      "radius": 5,
      "strength": 5,
      "_setHeight": 0
    },
    "paint": {
      "radius": 5,
      "strength": 5
    }
  },
  "d5O9X3TMtNwIsecMgrWvWB": {
    "sculpt": {
      "radius": 5,
      "strength": 5,
      "_setHeight": 0
    },
    "paint": {
      "radius": 5,
      "strength": 5
    },
    "sculpt_brush": "",
    "paint_brush": ""
  },
  "a8UOUIIrlDnZSJeME+9nA/": {
    "sculpt_brush": "",
    "paint_brush": "",
    "sculpt": {
      "radius": 5,
      "strength": 5,
      "_setHeight": 0
    },
    "paint": {
      "radius": 5,
      "strength": 5
    }
  },
  "f4dLan+7NNdI0qWyyebPWn": {
    "sculpt_brush": "",
    "paint_brush": "",
    "sculpt": {
      "radius": 5,
      "strength": 5,
      "_setHeight": 0
    },
    "paint": {
      "radius": 5,
      "strength": 5
    }
  },
  "c4E6EFm41Hp7mqxnsPCQeg": {
    "sculpt_brush": "",
    "paint_brush": "",
    "sculpt": {
      "radius": 5,
      "strength": 5,
      "_setHeight": 0
    },
    "paint": {
      "radius": 5,
      "strength": 5
    },
    "layer": 0
  },
  "ae1Eu8SgpFw6J2tJ9us92Y": {
    "layer": 0,
    "sculpt_brush": "",
    "paint_brush": "",
    "sculpt": {
      "radius": 5,
      "strength": 5,
      "_setHeight": 0
    },
    "paint": {
      "radius": 5,
      "strength": 5
    }
  },
  "c52rVQ3oVFjJg9uoWTPZNm": {
    "layer": 0,
    "sculpt_brush": "",
    "paint_brush": "",
    "sculpt": {
      "radius": 5,
      "strength": 5,
      "_setHeight": 0
    },
    "paint": {
      "radius": 5,
      "strength": 5
    }
  },
  "89l42a/fJIHKpg9BVuOVef": {
    "sculpt_brush": "",
    "paint_brush": "",
    "sculpt": {
      "radius": 5,
      "strength": 5,
      "_setHeight": 0
    },
    "paint": {
      "radius": 5,
      "strength": 5
    }
  },
  "1etPpwg/VK3pmFT0Bui+Lt": {
    "sculpt_brush": "",
    "paint_brush": "",
    "sculpt": {
      "radius": 5,
      "strength": 5,
      "_setHeight": 0
    },
    "paint": {
      "radius": 5,
      "strength": 5
    }
  },
  "efi0+ecb1N6IM8uNv8SMiw": {
    "sculpt_brush": "",
    "paint_brush": "",
    "sculpt": {
      "radius": 5,
      "strength": 5,
      "_setHeight": 0
    },
    "paint": {
      "radius": 5,
      "strength": 5
    }
  },
  "21paC9uQ1HhqlD2AwE5iyZ": {
    "sculpt_brush": "",
    "paint_brush": "",
    "sculpt": {
      "radius": 5,
      "strength": 5,
      "_setHeight": 0
    },
    "paint": {
      "radius": 5,
      "strength": 5
    },
    "layer": 0
  },
  "e9Ti9s+YlKGbW51DaQLSWN": {
    "layer": 0,
    "sculpt": {
      "radius": 5,
      "strength": 5,
      "_setHeight": 0
    },
    "paint": {
      "radius": 5,
      "strength": 5
    }
  }
}
