{
  "common": {
    "outputName": "web-desktop",
    "polyfills": {
      "asyncFunctions": true
    },
    "mainBundleCompressionType": "merge_dep",
    "platform": "web-desktop",
    "scenes": [
      {
        "url": "db://assets/scene/game.scene",
        "uuid": "3a7f4f6a-7e1d-4934-ac2d-d7a371454ee1",
        "inBundle": false
      },
      {
        "url": "db://assets/scene/startup.scene",
        "uuid": "c9110110-7a9a-4041-85b1-57c2c07d3373",
        "inBundle": false
      }
    ]
  }
}
