{
  "__version__": "3.0.4",
  "game": {
    "name": "未知游戏",
    "app_id": "UNKNOW",
    "c_id": "0"
  },
  "appConfigMaps": [
    {
      "app_id": "UNKNOW",
      "config_id": "1d91a8"
    },
    {
      "app_id": "676808533",
      "config_id": "9ddd6c"
    }
  ],
  "configs": [
    {
      "app_id": "UNKNOW",
      "config_id": "1d91a8",
      "config_name": "Default",
      "config_remarks": "",
      "services": []
    },
    {
      "app_id": "676808533",
      "config_id": "9ddd6c",
      "config_name": "Default",
      "config_remarks": "",
      "services": [
        {
          "service_id": "235",
          "enable": false,
          "param": {
            "app_id": "676808533"
          }
        }
      ]
    }
  ]
}
